observation,id,choice_set,rate,brand,price,sound_quality,library_size,with_lyrics,downloadable
1,1,1,1,joox,19,1411,10,0,0
2,1,2,8,joox,24,256,30,1,0
3,1,3,1,joox,29,320,50,1,1
4,1,4,1,kkbox,19,256,50,0,1
5,1,5,8,kkbox,24,320,30,1,0
6,1,6,2,kkbox,29,1411,10,1,1
7,1,7,1,spotify,19,256,30,0,0
8,1,8,10,spotify,24,1411,30,0,1
9,1,9,1,spotify,29,320,50,1,1
10,1,10,1,moov,19,320,30,0,1
11,1,11,10,moov,24,1411,10,1,0
12,1,12,1,moov,29,320,50,1,1
13,2,1,1,joox,19,1411,10,0,0
14,2,2,1,joox,24,256,30,1,0
15,2,3,5,joox,29,320,50,1,1
16,2,4,5,kkbox,19,256,50,0,1
17,2,5,1,kkbox,24,320,30,1,0
18,2,6,7,kkbox,29,1411,10,1,1
19,2,7,1,spotify,19,256,30,0,0
20,2,8,6,spotify,24,1411,30,0,1
21,2,9,8,spotify,29,320,50,1,1
22,2,10,2,moov,19,320,30,0,1
23,2,11,4,moov,24,1411,10,1,0
24,2,12,5,moov,29,320,50,1,1
25,3,1,4,joox,19,1411,10,0,0
26,3,2,3,joox,24,256,30,1,0
27,3,3,5,joox,29,320,50,1,1
28,3,4,3,kkbox,19,256,50,0,1
29,3,5,4,kkbox,24,320,30,1,0
30,3,6,6,kkbox,29,1411,10,1,1
31,3,7,6,spotify,19,256,30,0,0
32,3,8,5,spotify,24,1411,30,0,1
33,3,9,6,spotify,29,320,50,1,1
34,3,10,6,moov,19,320,30,0,1
35,3,11,5,moov,24,1411,10,1,0
36,3,12,6,moov,29,320,50,1,1
37,4,1,3,joox,19,1411,10,0,0
38,4,2,2,joox,24,256,30,1,0
39,4,3,1,joox,29,320,50,1,1
40,4,4,7,kkbox,19,256,50,0,1
41,4,5,4,kkbox,24,320,30,1,0
42,4,6,3,kkbox,29,1411,10,1,1
43,4,7,10,spotify,19,256,30,0,0
44,4,8,9,spotify,24,1411,30,0,1
45,4,9,8,spotify,29,320,50,1,1
46,4,10,1,moov,19,320,30,0,1
47,4,11,1,moov,24,1411,10,1,0
48,4,12,1,moov,29,320,50,1,1
49,5,1,3,joox,19,1411,10,0,0
50,5,2,2,joox,24,256,30,1,0
51,5,3,3,joox,29,320,50,1,1
52,5,4,6,kkbox,19,256,50,0,1
53,5,5,5,kkbox,24,320,30,1,0
54,5,6,6,kkbox,29,1411,10,1,1
55,5,7,7,spotify,19,256,30,0,0
56,5,8,9,spotify,24,1411,30,0,1
57,5,9,8,spotify,29,320,50,1,1
58,5,10,2,moov,19,320,30,0,1
59,5,11,3,moov,24,1411,10,1,0
60,5,12,1,moov,29,320,50,1,1
61,6,1,6,joox,19,1411,10,0,0
62,6,2,4,joox,24,256,30,1,0
63,6,3,7,joox,29,320,50,1,1
64,6,4,7,kkbox,19,256,50,0,1
65,6,5,6,kkbox,24,320,30,1,0
66,6,6,7,kkbox,29,1411,10,1,1
67,6,7,7,spotify,19,256,30,0,0
68,6,8,6,spotify,24,1411,30,0,1
69,6,9,8,spotify,29,320,50,1,1
70,6,10,7,moov,19,320,30,0,1
71,6,11,4,moov,24,1411,10,1,0
72,6,12,5,moov,29,320,50,1,1
73,7,1,7,joox,19,1411,10,0,0
74,7,2,7,joox,24,256,30,1,0
75,7,3,7,joox,29,320,50,1,1
76,7,4,8,kkbox,19,256,50,0,1
77,7,5,8,kkbox,24,320,30,1,0
78,7,6,7,kkbox,29,1411,10,1,1
79,7,7,7,spotify,19,256,30,0,0
80,7,8,9,spotify,24,1411,30,0,1
81,7,9,8,spotify,29,320,50,1,1
82,7,10,8,moov,19,320,30,0,1
83,7,11,8,moov,24,1411,10,1,0
84,7,12,9,moov,29,320,50,1,1
85,8,1,7,joox,19,1411,10,0,0
86,8,2,6,joox,24,256,30,1,0
87,8,3,6,joox,29,320,50,1,1
88,8,4,8,kkbox,19,256,50,0,1
89,8,5,7,kkbox,24,320,30,1,0
90,8,6,7,kkbox,29,1411,10,1,1
91,8,7,9,spotify,19,256,30,0,0
92,8,8,8,spotify,24,1411,30,0,1
93,8,9,8,spotify,29,320,50,1,1
94,8,10,4,moov,19,320,30,0,1
95,8,11,2,moov,24,1411,10,1,0
96,8,12,4,moov,29,320,50,1,1
97,9,1,1,joox,19,1411,10,0,0
98,9,2,1,joox,24,256,30,1,0
99,9,3,2,joox,29,320,50,1,1
100,9,4,5,kkbox,19,256,50,0,1
101,9,5,3,kkbox,24,320,30,1,0
102,9,6,4,kkbox,29,1411,10,1,1
103,9,7,2,spotify,19,256,30,0,0
104,9,8,4,spotify,24,1411,30,0,1
105,9,9,3,spotify,29,320,50,1,1
106,9,10,3,moov,19,320,30,0,1
107,9,11,5,moov,24,1411,10,1,0
108,9,12,4,moov,29,320,50,1,1
109,10,1,7,joox,19,1411,10,0,0
110,10,2,7,joox,24,256,30,1,0
111,10,3,2,joox,29,320,50,1,1
112,10,4,5,kkbox,19,256,50,0,1
113,10,5,5,kkbox,24,320,30,1,0
114,10,6,1,kkbox,29,1411,10,1,1
115,10,7,6,spotify,19,256,30,0,0
116,10,8,5,spotify,24,1411,30,0,1
117,10,9,5,spotify,29,320,50,1,1
118,10,10,6,moov,19,320,30,0,1
119,10,11,4,moov,24,1411,10,1,0
120,10,12,3,moov,29,320,50,1,1
121,11,1,3,joox,19,1411,10,0,0
122,11,2,8,joox,24,256,30,1,0
123,11,3,7,joox,29,320,50,1,1
124,11,4,3,kkbox,19,256,50,0,1
125,11,5,5,kkbox,24,320,30,1,0
126,11,6,3,kkbox,29,1411,10,1,1
127,11,7,4,spotify,19,256,30,0,0
128,11,8,4,spotify,24,1411,30,0,1
129,11,9,9,spotify,29,320,50,1,1
130,11,10,4,moov,19,320,30,0,1
131,11,11,7,moov,24,1411,10,1,0
132,11,12,9,moov,29,320,50,1,1
133,12,1,0,joox,19,1411,10,0,0
134,12,2,0,joox,24,256,30,1,0
135,12,3,6,joox,29,320,50,1,1
136,12,4,3,kkbox,19,256,50,0,1
137,12,5,0,kkbox,24,320,30,1,0
138,12,6,1,kkbox,29,1411,10,1,1
139,12,7,0,spotify,19,256,30,0,0
140,12,8,0,spotify,24,1411,30,0,1
141,12,9,8,spotify,29,320,50,1,1
142,12,10,0,moov,19,320,30,0,1
143,12,11,0,moov,24,1411,10,1,0
144,12,12,6,moov,29,320,50,1,1
145,13,1,3,joox,19,1411,10,0,0
146,13,2,2,joox,24,256,30,1,0
147,13,3,1,joox,29,320,50,1,1
148,13,4,3,kkbox,19,256,50,0,1
149,13,5,3,kkbox,24,320,30,1,0
150,13,6,1,kkbox,29,1411,10,1,1
151,13,7,1,spotify,19,256,30,0,0
152,13,8,1,spotify,24,1411,30,0,1
153,13,9,1,spotify,29,320,50,1,1
154,13,10,3,moov,19,320,30,0,1
155,13,11,2,moov,24,1411,10,1,0
156,13,12,1,moov,29,320,50,1,1
157,14,1,1,joox,19,1411,10,0,0
158,14,2,1,joox,24,256,30,1,0
159,14,3,1,joox,29,320,50,1,1
160,14,4,9,kkbox,19,256,50,0,1
161,14,5,8,kkbox,24,320,30,1,0
162,14,6,8,kkbox,29,1411,10,1,1
163,14,7,8,spotify,19,256,30,0,0
164,14,8,8,spotify,24,1411,30,0,1
165,14,9,10,spotify,29,320,50,1,1
166,14,10,1,moov,19,320,30,0,1
167,14,11,1,moov,24,1411,10,1,0
168,14,12,1,moov,29,320,50,1,1
169,15,1,5,joox,19,1411,10,0,0
170,15,2,4,joox,24,256,30,1,0
171,15,3,5,joox,29,320,50,1,1
172,15,4,7,kkbox,19,256,50,0,1
173,15,5,3,kkbox,24,320,30,1,0
174,15,6,4,kkbox,29,1411,10,1,1
175,15,7,5,spotify,19,256,30,0,0
176,15,8,4,spotify,24,1411,30,0,1
177,15,9,3,spotify,29,320,50,1,1
178,15,10,5,moov,19,320,30,0,1
179,15,11,3,moov,24,1411,10,1,0
180,15,12,5,moov,29,320,50,1,1
181,16,1,3,joox,19,1411,10,0,0
182,16,2,3,joox,24,256,30,1,0
183,16,3,6,joox,29,320,50,1,1
184,16,4,8,kkbox,19,256,50,0,1
185,16,5,3,kkbox,24,320,30,1,0
186,16,6,4,kkbox,29,1411,10,1,1
187,16,7,4,spotify,19,256,30,0,0
188,16,8,7,spotify,24,1411,30,0,1
189,16,9,7,spotify,29,320,50,1,1
190,16,10,6,moov,19,320,30,0,1
191,16,11,3,moov,24,1411,10,1,0
192,16,12,6,moov,29,320,50,1,1
193,17,1,8,joox,19,1411,10,0,0
194,17,2,8,joox,24,256,30,1,0
195,17,3,7,joox,29,320,50,1,1
196,17,4,8,kkbox,19,256,50,0,1
197,17,5,6,kkbox,24,320,30,1,0
198,17,6,6,kkbox,29,1411,10,1,1
199,17,7,7,spotify,19,256,30,0,0
200,17,8,7,spotify,24,1411,30,0,1
201,17,9,7,spotify,29,320,50,1,1
202,17,10,8,moov,19,320,30,0,1
203,17,11,7,moov,24,1411,10,1,0
204,17,12,7,moov,29,320,50,1,1
205,18,1,7,joox,19,1411,10,0,0
206,18,2,7,joox,24,256,30,1,0
207,18,3,7,joox,29,320,50,1,1
208,18,4,8,kkbox,19,256,50,0,1
209,18,5,8,kkbox,24,320,30,1,0
210,18,6,8,kkbox,29,1411,10,1,1
211,18,7,7,spotify,19,256,30,0,0
212,18,8,8,spotify,24,1411,30,0,1
213,18,9,8,spotify,29,320,50,1,1
214,18,10,8,moov,19,320,30,0,1
215,18,11,8,moov,24,1411,10,1,0
216,18,12,8,moov,29,320,50,1,1
217,19,1,1,joox,19,1411,10,0,0
218,19,2,1,joox,24,256,30,1,0
219,19,3,2,joox,29,320,50,1,1
220,19,4,2,kkbox,19,256,50,0,1
221,19,5,1,kkbox,24,320,30,1,0
222,19,6,1,kkbox,29,1411,10,1,1
223,19,7,1,spotify,19,256,30,0,0
224,19,8,3,spotify,24,1411,30,0,1
225,19,9,2,spotify,29,320,50,1,1
226,19,10,1,moov,19,320,30,0,1
227,19,11,1,moov,24,1411,10,1,0
228,19,12,1,moov,29,320,50,1,1
229,20,1,4,joox,19,1411,10,0,0
230,20,2,6,joox,24,256,30,1,0
231,20,3,3,joox,29,320,50,1,1
232,20,4,2,kkbox,19,256,50,0,1
233,20,5,2,kkbox,24,320,30,1,0
234,20,6,2,kkbox,29,1411,10,1,1
235,20,7,5,spotify,19,256,30,0,0
236,20,8,3,spotify,24,1411,30,0,1
237,20,9,5,spotify,29,320,50,1,1
238,20,10,3,moov,19,320,30,0,1
239,20,11,0,moov,24,1411,10,1,0
240,20,12,0,moov,29,320,50,1,1
241,21,1,6,joox,19,1411,10,0,0
242,21,2,8,joox,24,256,30,1,0
243,21,3,8,joox,29,320,50,1,1
244,21,4,3,kkbox,19,256,50,0,1
245,21,5,5,kkbox,24,320,30,1,0
246,21,6,4,kkbox,29,1411,10,1,1
247,21,7,5,spotify,19,256,30,0,0
248,21,8,4,spotify,24,1411,30,0,1
249,21,9,7,spotify,29,320,50,1,1
250,21,10,2,moov,19,320,30,0,1
251,21,11,5,moov,24,1411,10,1,0
252,21,12,3,moov,29,320,50,1,1
253,22,1,1,joox,19,1411,10,0,0
254,22,2,2,joox,24,256,30,1,0
255,22,3,2,joox,29,320,50,1,1
256,22,4,5,kkbox,19,256,50,0,1
257,22,5,3,kkbox,24,320,30,1,0
258,22,6,1,kkbox,29,1411,10,1,1
259,22,7,1,spotify,19,256,30,0,0
260,22,8,2,spotify,24,1411,30,0,1
261,22,9,5,spotify,29,320,50,1,1
262,22,10,2,moov,19,320,30,0,1
263,22,11,1,moov,24,1411,10,1,0
264,22,12,5,moov,29,320,50,1,1
265,23,1,0,joox,19,1411,10,0,0
266,23,2,0,joox,24,256,30,1,0
267,23,3,2,joox,29,320,50,1,1
268,23,4,4,kkbox,19,256,50,0,1
269,23,5,3,kkbox,24,320,30,1,0
270,23,6,3,kkbox,29,1411,10,1,1
271,23,7,1,spotify,19,256,30,0,0
272,23,8,5,spotify,24,1411,30,0,1
273,23,9,6,spotify,29,320,50,1,1
274,23,10,2,moov,19,320,30,0,1
275,23,11,1,moov,24,1411,10,1,0
276,23,12,4,moov,29,320,50,1,1
277,24,1,4,joox,19,1411,10,0,0
278,24,2,6,joox,24,256,30,1,0
279,24,3,7,joox,29,320,50,1,1
280,24,4,8,kkbox,19,256,50,0,1
281,24,5,7,kkbox,24,320,30,1,0
282,24,6,6,kkbox,29,1411,10,1,1
283,24,7,6,spotify,19,256,30,0,0
284,24,8,7,spotify,24,1411,30,0,1
285,24,9,8,spotify,29,320,50,1,1
286,24,10,7,moov,19,320,30,0,1
287,24,11,5,moov,24,1411,10,1,0
288,24,12,7,moov,29,320,50,1,1
289,25,1,5,joox,19,1411,10,0,0
290,25,2,6,joox,24,256,30,1,0
291,25,3,6,joox,29,320,50,1,1
292,25,4,8,kkbox,19,256,50,0,1
293,25,5,6,kkbox,24,320,30,1,0
294,25,6,5,kkbox,29,1411,10,1,1
295,25,7,7,spotify,19,256,30,0,0
296,25,8,8,spotify,24,1411,30,0,1
297,25,9,6,spotify,29,320,50,1,1
298,25,10,7,moov,19,320,30,0,1
299,25,11,4,moov,24,1411,10,1,0
300,25,12,6,moov,29,320,50,1,1
301,26,1,5,joox,19,1411,10,0,0
302,26,2,7,joox,24,256,30,1,0
303,26,3,5,joox,29,320,50,1,1
304,26,4,7,kkbox,19,256,50,0,1
305,26,5,5,kkbox,24,320,30,1,0
306,26,6,5,kkbox,29,1411,10,1,1
307,26,7,7,spotify,19,256,30,0,0
308,26,8,5,spotify,24,1411,30,0,1
309,26,9,5,spotify,29,320,50,1,1
310,26,10,8,moov,19,320,30,0,1
311,26,11,5,moov,24,1411,10,1,0
312,26,12,5,moov,29,320,50,1,1
313,27,1,1,joox,19,1411,10,0,0
314,27,2,1,joox,24,256,30,1,0
315,27,3,7,joox,29,320,50,1,1
316,27,4,6,kkbox,19,256,50,0,1
317,27,5,1,kkbox,24,320,30,1,0
318,27,6,9,kkbox,29,1411,10,1,1
319,27,7,1,spotify,19,256,30,0,0
320,27,8,8,spotify,24,1411,30,0,1
321,27,9,9,spotify,29,320,50,1,1
322,27,10,8,moov,19,320,30,0,1
323,27,11,1,moov,24,1411,10,1,0
324,27,12,8,moov,29,320,50,1,1
325,28,1,2,joox,19,1411,10,0,0
326,28,2,2,joox,24,256,30,1,0
327,28,3,10,joox,29,320,50,1,1
328,28,4,5,kkbox,19,256,50,0,1
329,28,5,2,kkbox,24,320,30,1,0
330,28,6,5,kkbox,29,1411,10,1,1
331,28,7,1,spotify,19,256,30,0,0
332,28,8,1,spotify,24,1411,30,0,1
333,28,9,1,spotify,29,320,50,1,1
334,28,10,6,moov,19,320,30,0,1
335,28,11,4,moov,24,1411,10,1,0
336,28,12,3,moov,29,320,50,1,1
337,29,1,5,joox,19,1411,10,0,0
338,29,2,6,joox,24,256,30,1,0
339,29,3,7,joox,29,320,50,1,1
340,29,4,6,kkbox,19,256,50,0,1
341,29,5,6,kkbox,24,320,30,1,0
342,29,6,7,kkbox,29,1411,10,1,1
343,29,7,8,spotify,19,256,30,0,0
344,29,8,8,spotify,24,1411,30,0,1
345,29,9,9,spotify,29,320,50,1,1
346,29,10,6,moov,19,320,30,0,1
347,29,11,6,moov,24,1411,10,1,0
348,29,12,7,moov,29,320,50,1,1
349,30,1,1,joox,19,1411,10,0,0
350,30,2,1,joox,24,256,30,1,0
351,30,3,1,joox,29,320,50,1,1
352,30,4,5,kkbox,19,256,50,0,1
353,30,5,5,kkbox,24,320,30,1,0
354,30,6,5,kkbox,29,1411,10,1,1
355,30,7,5,spotify,19,256,30,0,0
356,30,8,5,spotify,24,1411,30,0,1
357,30,9,6,spotify,29,320,50,1,1
358,30,10,5,moov,19,320,30,0,1
359,30,11,5,moov,24,1411,10,1,0
360,30,12,5,moov,29,320,50,1,1
361,31,1,1,joox,19,1411,10,0,0
362,31,2,1,joox,24,256,30,1,0
363,31,3,8,joox,29,320,50,1,1
364,31,4,5,kkbox,19,256,50,0,1
365,31,5,1,kkbox,24,320,30,1,0
366,31,6,6,kkbox,29,1411,10,1,1
367,31,7,1,spotify,19,256,30,0,0
368,31,8,7,spotify,24,1411,30,0,1
369,31,9,6,spotify,29,320,50,1,1
370,31,10,3,moov,19,320,30,0,1
371,31,11,1,moov,24,1411,10,1,0
372,31,12,4,moov,29,320,50,1,1
373,32,1,5,joox,19,1411,10,0,0
374,32,2,5,joox,24,256,30,1,0
375,32,3,9,joox,29,320,50,1,1
376,32,4,8,kkbox,19,256,50,0,1
377,32,5,5,kkbox,24,320,30,1,0
378,32,6,9,kkbox,29,1411,10,1,1
379,32,7,5,spotify,19,256,30,0,0
380,32,8,7,spotify,24,1411,30,0,1
381,32,9,9,spotify,29,320,50,1,1
382,32,10,6,moov,19,320,30,0,1
383,32,11,7,moov,24,1411,10,1,0
384,32,12,6,moov,29,320,50,1,1
385,33,1,6,joox,19,1411,10,0,0
386,33,2,7,joox,24,256,30,1,0
387,33,3,6,joox,29,320,50,1,1
388,33,4,4,kkbox,19,256,50,0,1
389,33,5,3,kkbox,24,320,30,1,0
390,33,6,5,kkbox,29,1411,10,1,1
391,33,7,4,spotify,19,256,30,0,0
392,33,8,6,spotify,24,1411,30,0,1
393,33,9,8,spotify,29,320,50,1,1
394,33,10,4,moov,19,320,30,0,1
395,33,11,5,moov,24,1411,10,1,0
396,33,12,5,moov,29,320,50,1,1
397,34,1,6,joox,19,1411,10,0,0
398,34,2,8,joox,24,256,30,1,0
399,34,3,9,joox,29,320,50,1,1
400,34,4,7,kkbox,19,256,50,0,1
401,34,5,6,kkbox,24,320,30,1,0
402,34,6,5,kkbox,29,1411,10,1,1
403,34,7,8,spotify,19,256,30,0,0
404,34,8,8,spotify,24,1411,30,0,1
405,34,9,8,spotify,29,320,50,1,1
406,34,10,7,moov,19,320,30,0,1
407,34,11,8,moov,24,1411,10,1,0
408,34,12,9,moov,29,320,50,1,1
409,35,1,3,joox,19,1411,10,0,0
410,35,2,4,joox,24,256,30,1,0
411,35,3,5,joox,29,320,50,1,1
412,35,4,3,kkbox,19,256,50,0,1
413,35,5,5,kkbox,24,320,30,1,0
414,35,6,4,kkbox,29,1411,10,1,1
415,35,7,3,spotify,19,256,30,0,0
416,35,8,5,spotify,24,1411,30,0,1
417,35,9,5,spotify,29,320,50,1,1
418,35,10,4,moov,19,320,30,0,1
419,35,11,4,moov,24,1411,10,1,0
420,35,12,5,moov,29,320,50,1,1
421,36,1,4,joox,19,1411,10,0,0
422,36,2,6,joox,24,256,30,1,0
423,36,3,3,joox,29,320,50,1,1
424,36,4,4,kkbox,19,256,50,0,1
425,36,5,5,kkbox,24,320,30,1,0
426,36,6,4,kkbox,29,1411,10,1,1
427,36,7,2,spotify,19,256,30,0,0
428,36,8,2,spotify,24,1411,30,0,1
429,36,9,5,spotify,29,320,50,1,1
430,36,10,2,moov,19,320,30,0,1
431,36,11,4,moov,24,1411,10,1,0
432,36,12,4,moov,29,320,50,1,1
433,37,1,3,joox,19,1411,10,0,0
434,37,2,4,joox,24,256,30,1,0
435,37,3,9,joox,29,320,50,1,1
436,37,4,10,kkbox,19,256,50,0,1
437,37,5,3,kkbox,24,320,30,1,0
438,37,6,8,kkbox,29,1411,10,1,1
439,37,7,4,spotify,19,256,30,0,0
440,37,8,8,spotify,24,1411,30,0,1
441,37,9,9,spotify,29,320,50,1,1
442,37,10,8,moov,19,320,30,0,1
443,37,11,5,moov,24,1411,10,1,0
444,37,12,9,moov,29,320,50,1,1
445,38,1,4,joox,19,1411,10,0,0
446,38,2,5,joox,24,256,30,1,0
447,38,3,7,joox,29,320,50,1,1
448,38,4,4,kkbox,19,256,50,0,1
449,38,5,4,kkbox,24,320,30,1,0
450,38,6,4,kkbox,29,1411,10,1,1
451,38,7,4,spotify,19,256,30,0,0
452,38,8,4,spotify,24,1411,30,0,1
453,38,9,7,spotify,29,320,50,1,1
454,38,10,4,moov,19,320,30,0,1
455,38,11,3,moov,24,1411,10,1,0
456,38,12,8,moov,29,320,50,1,1
457,39,1,4,joox,19,1411,10,0,0
458,39,2,6,joox,24,256,30,1,0
459,39,3,5,joox,29,320,50,1,1
460,39,4,7,kkbox,19,256,50,0,1
461,39,5,6,kkbox,24,320,30,1,0
462,39,6,6,kkbox,29,1411,10,1,1
463,39,7,5,spotify,19,256,30,0,0
464,39,8,6,spotify,24,1411,30,0,1
465,39,9,4,spotify,29,320,50,1,1
466,39,10,6,moov,19,320,30,0,1
467,39,11,4,moov,24,1411,10,1,0
468,39,12,3,moov,29,320,50,1,1
469,40,1,1,joox,19,1411,10,0,0
470,40,2,2,joox,24,256,30,1,0
471,40,3,4,joox,29,320,50,1,1
472,40,4,3,kkbox,19,256,50,0,1
473,40,5,1,kkbox,24,320,30,1,0
474,40,6,9,kkbox,29,1411,10,1,1
475,40,7,1,spotify,19,256,30,0,0
476,40,8,9,spotify,24,1411,30,0,1
477,40,9,7,spotify,29,320,50,1,1
478,40,10,7,moov,19,320,30,0,1
479,40,11,1,moov,24,1411,10,1,0
480,40,12,8,moov,29,320,50,1,1
481,41,1,7,joox,19,1411,10,0,0
482,41,2,7,joox,24,256,30,1,0
483,41,3,8,joox,29,320,50,1,1
484,41,4,9,kkbox,19,256,50,0,1
485,41,5,9,kkbox,24,320,30,1,0
486,41,6,8,kkbox,29,1411,10,1,1
487,41,7,10,spotify,19,256,30,0,0
488,41,8,10,spotify,24,1411,30,0,1
489,41,9,10,spotify,29,320,50,1,1
490,41,10,7,moov,19,320,30,0,1
491,41,11,7,moov,24,1411,10,1,0
492,41,12,7,moov,29,320,50,1,1
493,42,1,2,joox,19,1411,10,0,0
494,42,2,2,joox,24,256,30,1,0
495,42,3,6,joox,29,320,50,1,1
496,42,4,7,kkbox,19,256,50,0,1
497,42,5,7,kkbox,24,320,30,1,0
498,42,6,6,kkbox,29,1411,10,1,1
499,42,7,2,spotify,19,256,30,0,0
500,42,8,6,spotify,24,1411,30,0,1
501,42,9,6,spotify,29,320,50,1,1
502,42,10,8,moov,19,320,30,0,1
503,42,11,2,moov,24,1411,10,1,0
504,42,12,5,moov,29,320,50,1,1
505,43,1,3,joox,19,1411,10,0,0
506,43,2,3,joox,24,256,30,1,0
507,43,3,3,joox,29,320,50,1,1
508,43,4,5,kkbox,19,256,50,0,1
509,43,5,5,kkbox,24,320,30,1,0
510,43,6,6,kkbox,29,1411,10,1,1
511,43,7,6,spotify,19,256,30,0,0
512,43,8,5,spotify,24,1411,30,0,1
513,43,9,6,spotify,29,320,50,1,1
514,43,10,3,moov,19,320,30,0,1
515,43,11,4,moov,24,1411,10,1,0
516,43,12,4,moov,29,320,50,1,1
517,44,1,2,joox,19,1411,10,0,0
518,44,2,1,joox,24,256,30,1,0
519,44,3,6,joox,29,320,50,1,1
520,44,4,6,kkbox,19,256,50,0,1
521,44,5,2,kkbox,24,320,30,1,0
522,44,6,1,kkbox,29,1411,10,1,1
523,44,7,3,spotify,19,256,30,0,0
524,44,8,2,spotify,24,1411,30,0,1
525,44,9,2,spotify,29,320,50,1,1
526,44,10,2,moov,19,320,30,0,1
527,44,11,3,moov,24,1411,10,1,0
528,44,12,3,moov,29,320,50,1,1
529,45,1,5,joox,19,1411,10,0,0
530,45,2,3,joox,24,256,30,1,0
531,45,3,1,joox,29,320,50,1,1
532,45,4,5,kkbox,19,256,50,0,1
533,45,5,5,kkbox,24,320,30,1,0
534,45,6,4,kkbox,29,1411,10,1,1
535,45,7,7,spotify,19,256,30,0,0
536,45,8,5,spotify,24,1411,30,0,1
537,45,9,4,spotify,29,320,50,1,1
538,45,10,3,moov,19,320,30,0,1
539,45,11,4,moov,24,1411,10,1,0
540,45,12,5,moov,29,320,50,1,1
541,46,1,6,joox,19,1411,10,0,0
542,46,2,5,joox,24,256,30,1,0
543,46,3,7,joox,29,320,50,1,1
544,46,4,4,kkbox,19,256,50,0,1
545,46,5,6,kkbox,24,320,30,1,0
546,46,6,3,kkbox,29,1411,10,1,1
547,46,7,2,spotify,19,256,30,0,0
548,46,8,7,spotify,24,1411,30,0,1
549,46,9,5,spotify,29,320,50,1,1
550,46,10,1,moov,19,320,30,0,1
551,46,11,1,moov,24,1411,10,1,0
552,46,12,1,moov,29,320,50,1,1
553,47,1,1,joox,19,1411,10,0,0
554,47,2,2,joox,24,256,30,1,0
555,47,3,7,joox,29,320,50,1,1
556,47,4,9,kkbox,19,256,50,0,1
557,47,5,1,kkbox,24,320,30,1,0
558,47,6,5,kkbox,29,1411,10,1,1
559,47,7,1,spotify,19,256,30,0,0
560,47,8,8,spotify,24,1411,30,0,1
561,47,9,10,spotify,29,320,50,1,1
562,47,10,9,moov,19,320,30,0,1
563,47,11,1,moov,24,1411,10,1,0
564,47,12,8,moov,29,320,50,1,1
565,48,1,10,joox,19,1411,10,0,0
566,48,2,8,joox,24,256,30,1,0
567,48,3,8,joox,29,320,50,1,1
568,48,4,5,kkbox,19,256,50,0,1
569,48,5,5,kkbox,24,320,30,1,0
570,48,6,8,kkbox,29,1411,10,1,1
571,48,7,5,spotify,19,256,30,0,0
572,48,8,8,spotify,24,1411,30,0,1
573,48,9,5,spotify,29,320,50,1,1
574,48,10,5,moov,19,320,30,0,1
575,48,11,8,moov,24,1411,10,1,0
576,48,12,10,moov,29,320,50,1,1
577,49,1,5,joox,19,1411,10,0,0
578,49,2,7,joox,24,256,30,1,0
579,49,3,4,joox,29,320,50,1,1
580,49,4,7,kkbox,19,256,50,0,1
581,49,5,4,kkbox,24,320,30,1,0
582,49,6,1,kkbox,29,1411,10,1,1
583,49,7,6,spotify,19,256,30,0,0
584,49,8,6,spotify,24,1411,30,0,1
585,49,9,5,spotify,29,320,50,1,1
586,49,10,5,moov,19,320,30,0,1
587,49,11,5,moov,24,1411,10,1,0
588,49,12,5,moov,29,320,50,1,1
589,50,1,5,joox,19,1411,10,0,0
590,50,2,6,joox,24,256,30,1,0
591,50,3,6,joox,29,320,50,1,1
592,50,4,8,kkbox,19,256,50,0,1
593,50,5,7,kkbox,24,320,30,1,0
594,50,6,9,kkbox,29,1411,10,1,1
595,50,7,7,spotify,19,256,30,0,0
596,50,8,8,spotify,24,1411,30,0,1
597,50,9,9,spotify,29,320,50,1,1
598,50,10,6,moov,19,320,30,0,1
599,50,11,6,moov,24,1411,10,1,0
600,50,12,7,moov,29,320,50,1,1
601,51,1,4,joox,19,1411,10,0,0
602,51,2,5,joox,24,256,30,1,0
603,51,3,3,joox,29,320,50,1,1
604,51,4,6,kkbox,19,256,50,0,1
605,51,5,3,kkbox,24,320,30,1,0
606,51,6,4,kkbox,29,1411,10,1,1
607,51,7,3,spotify,19,256,30,0,0
608,51,8,3,spotify,24,1411,30,0,1
609,51,9,7,spotify,29,320,50,1,1
610,51,10,3,moov,19,320,30,0,1
611,51,11,2,moov,24,1411,10,1,0
612,51,12,2,moov,29,320,50,1,1
613,52,1,1,joox,19,1411,10,0,0
614,52,2,2,joox,24,256,30,1,0
615,52,3,2,joox,29,320,50,1,1
616,52,4,4,kkbox,19,256,50,0,1
617,52,5,2,kkbox,24,320,30,1,0
618,52,6,1,kkbox,29,1411,10,1,1
619,52,7,6,spotify,19,256,30,0,0
620,52,8,6,spotify,24,1411,30,0,1
621,52,9,7,spotify,29,320,50,1,1
622,52,10,2,moov,19,320,30,0,1
623,52,11,2,moov,24,1411,10,1,0
624,52,12,4,moov,29,320,50,1,1
625,53,1,4,joox,19,1411,10,0,0
626,53,2,3,joox,24,256,30,1,0
627,53,3,2,joox,29,320,50,1,1
628,53,4,5,kkbox,19,256,50,0,1
629,53,5,2,kkbox,24,320,30,1,0
630,53,6,2,kkbox,29,1411,10,1,1
631,53,7,6,spotify,19,256,30,0,0
632,53,8,3,spotify,24,1411,30,0,1
633,53,9,2,spotify,29,320,50,1,1
634,53,10,2,moov,19,320,30,0,1
635,53,11,4,moov,24,1411,10,1,0
636,53,12,2,moov,29,320,50,1,1
637,54,1,3,joox,19,1411,10,0,0
638,54,2,3,joox,24,256,30,1,0
639,54,3,3,joox,29,320,50,1,1
640,54,4,3,kkbox,19,256,50,0,1
641,54,5,3,kkbox,24,320,30,1,0
642,54,6,4,kkbox,29,1411,10,1,1
643,54,7,6,spotify,19,256,30,0,0
644,54,8,5,spotify,24,1411,30,0,1
645,54,9,3,spotify,29,320,50,1,1
646,54,10,3,moov,19,320,30,0,1
647,54,11,3,moov,24,1411,10,1,0
648,54,12,3,moov,29,320,50,1,1
649,55,1,8,joox,19,1411,10,0,0
650,55,2,7,joox,24,256,30,1,0
651,55,3,7,joox,29,320,50,1,1
652,55,4,7,kkbox,19,256,50,0,1
653,55,5,4,kkbox,24,320,30,1,0
654,55,6,6,kkbox,29,1411,10,1,1
655,55,7,6,spotify,19,256,30,0,0
656,55,8,8,spotify,24,1411,30,0,1
657,55,9,6,spotify,29,320,50,1,1
658,55,10,6,moov,19,320,30,0,1
659,55,11,6,moov,24,1411,10,1,0
660,55,12,7,moov,29,320,50,1,1
661,56,1,3,joox,19,1411,10,0,0
662,56,2,3,joox,24,256,30,1,0
663,56,3,2,joox,29,320,50,1,1
664,56,4,5,kkbox,19,256,50,0,1
665,56,5,2,kkbox,24,320,30,1,0
666,56,6,1,kkbox,29,1411,10,1,1
667,56,7,2,spotify,19,256,30,0,0
668,56,8,1,spotify,24,1411,30,0,1
669,56,9,1,spotify,29,320,50,1,1
670,56,10,3,moov,19,320,30,0,1
671,56,11,1,moov,24,1411,10,1,0
672,56,12,2,moov,29,320,50,1,1
673,57,1,7,joox,19,1411,10,0,0
674,57,2,5,joox,24,256,30,1,0
675,57,3,3,joox,29,320,50,1,1
676,57,4,7,kkbox,19,256,50,0,1
677,57,5,6,kkbox,24,320,30,1,0
678,57,6,6,kkbox,29,1411,10,1,1
679,57,7,6,spotify,19,256,30,0,0
680,57,8,5,spotify,24,1411,30,0,1
681,57,9,7,spotify,29,320,50,1,1
682,57,10,5,moov,19,320,30,0,1
683,57,11,5,moov,24,1411,10,1,0
684,57,12,6,moov,29,320,50,1,1
685,58,1,5,joox,19,1411,10,0,0
686,58,2,5,joox,24,256,30,1,0
687,58,3,5,joox,29,320,50,1,1
688,58,4,5,kkbox,19,256,50,0,1
689,58,5,5,kkbox,24,320,30,1,0
690,58,6,5,kkbox,29,1411,10,1,1
691,58,7,5,spotify,19,256,30,0,0
692,58,8,5,spotify,24,1411,30,0,1
693,58,9,10,spotify,29,320,50,1,1
694,58,10,5,moov,19,320,30,0,1
695,58,11,5,moov,24,1411,10,1,0
696,58,12,5,moov,29,320,50,1,1
697,59,1,5,joox,19,1411,10,0,0
698,59,2,5,joox,24,256,30,1,0
699,59,3,5,joox,29,320,50,1,1
700,59,4,6,kkbox,19,256,50,0,1
701,59,5,6,kkbox,24,320,30,1,0
702,59,6,5,kkbox,29,1411,10,1,1
703,59,7,5,spotify,19,256,30,0,0
704,59,8,5,spotify,24,1411,30,0,1
705,59,9,5,spotify,29,320,50,1,1
706,59,10,7,moov,19,320,30,0,1
707,59,11,6,moov,24,1411,10,1,0
708,59,12,1,moov,29,320,50,1,1
709,60,1,1,joox,19,1411,10,0,0
710,60,2,5,joox,24,256,30,1,0
711,60,3,7,joox,29,320,50,1,1
712,60,4,5,kkbox,19,256,50,0,1
713,60,5,7,kkbox,24,320,30,1,0
714,60,6,6,kkbox,29,1411,10,1,1
715,60,7,4,spotify,19,256,30,0,0
716,60,8,6,spotify,24,1411,30,0,1
717,60,9,7,spotify,29,320,50,1,1
718,60,10,5,moov,19,320,30,0,1
719,60,11,5,moov,24,1411,10,1,0
720,60,12,7,moov,29,320,50,1,1